t_s,desired_deg,actual_deg,uq,vel_rads,amp,phase
4.8161,0.026,-0.125,0.0803,-0.0018,0.0,home0
5.0231,0.000,-0.119,0.0849,0.0034,0.0,home0
5.3057,0.000,-0.089,0.0998,-0.0066,0.0,home0
5.5690,13.867,7.165,-0.0822,0.9569,15.0,c0+
5.8323,15.000,10.713,0.2574,0.2693,15.0,c0+
6.0954,15.000,13.776,0.0412,0.1193,15.0,c0+
6.3586,15.000,14.241,0.1379,0.0369,15.0,c0+
6.6215,15.000,14.648,0.1528,0.0284,15.0,c0+
6.8871,-5.299,7.828,-0.0923,-0.4309,15.0,c0-
7.1500,-15.000,-5.350,-0.1707,-0.6839,15.0,c0-
7.4328,-15.000,-11.344,-0.0926,-0.4063,15.0,c0-
7.6961,-15.000,-13.108,-0.0581,-0.0473,15.0,c0-
7.9589,-15.000,-14.259,-0.0859,-0.0442,15.0,c0-
8.2233,5.322,-7.060,0.0761,0.6162,15.0,c1+
8.4860,15.000,6.436,-0.0736,1.0738,15.0,c1+
8.7500,15.000,10.444,0.2424,0.2844,15.0,c1+
9.0139,15.000,14.169,0.0418,0.2772,15.0,c1+
9.2958,15.000,14.276,0.0979,0.0354,15.0,c1+
9.5598,15.000,14.643,0.1168,0.0183,15.0,c1+
9.8233,-2.564,9.787,-0.0931,-0.4370,15.0,c1-
10.0869,-15.000,-5.237,-0.1595,-0.7903,15.0,c1-
10.3496,-15.000,-10.874,-0.1269,-0.3537,15.0,c1-
10.6135,-15.000,-13.427,-0.0376,-0.1730,15.0,c1-
10.8762,-15.000,-14.183,-0.0845,-0.0508,15.0,c1-
11.1408,-15.000,-14.687,-0.0869,-0.0190,15.0,c1-
11.4240,5.323,-7.286,0.0266,0.7976,15.0,c2+
11.6869,15.000,6.401,-0.0125,0.7441,15.0,c2+
11.9506,15.000,10.385,0.2473,0.2695,15.0,c2+
12.2138,15.000,14.032,0.0007,0.1826,15.0,c2+
12.4769,15.000,14.334,0.0903,0.0302,15.0,c2+
12.7399,15.000,14.652,0.1090,0.0237,15.0,c2+
13.0035,-5.302,7.674,-0.0933,-0.4439,15.0,c2-
13.2685,-15.000,-5.223,-0.1581,-0.7736,15.0,c2-
13.5507,-15.000,-11.062,-0.1270,-0.3326,15.0,c2-
13.8137,-15.000,-13.336,-0.0510,-0.0943,15.0,c2-
14.0770,-15.000,-14.276,-0.0863,-0.0390,15.0,c2-
14.3412,5.321,-7.109,0.0748,0.6197,15.0,c3+
14.6040,15.000,6.480,-0.0635,1.0815,15.0,c3+
14.8673,15.000,10.399,0.2219,0.3342,15.0,c3+
15.1322,15.000,14.180,0.0088,0.4283,15.0,c3+
15.3948,15.000,14.348,0.0871,0.0381,15.0,c3+
15.6772,15.000,14.648,0.1060,0.0154,15.0,c3+
15.9411,-2.567,9.724,-0.0869,-0.4503,15.0,c3-
16.2038,-15.000,-5.330,-0.1576,-0.7978,15.0,c3-
16.4671,-15.000,-11.226,-0.1406,-0.3438,15.0,c3-
16.7311,-15.000,-13.279,-0.0637,-0.0805,15.0,c3-
16.9935,-15.000,-14.221,-0.0850,-0.0451,15.0,c3-
17.2585,5.321,-7.060,0.0754,0.6178,15.0,c4+
17.5416,15.000,6.466,-0.0089,0.7395,15.0,c4+
17.8043,15.000,10.386,0.2536,0.2558,15.0,c4+
18.0678,15.000,14.240,0.0181,0.1999,15.0,c4+
18.3311,15.000,14.341,0.0903,0.0253,15.0,c4+
18.5941,15.000,14.641,0.1150,0.0167,15.0,c4+
18.8574,-5.300,7.654,-0.0911,-0.4385,15.0,c4-
19.1211,-15.000,-5.264,-0.1481,-0.8154,15.0,c4-
19.3844,-15.000,-11.005,-0.1318,-0.3628,15.0,c4-
19.6677,-15.000,-13.238,-0.0598,-0.1062,15.0,c4-
19.9315,-15.000,-14.178,-0.0812,-0.0487,15.0,c4-
20.1945,2.583,-8.568,0.0798,0.6137,15.0,c5+
20.4588,15.000,6.319,-0.0762,1.0467,15.0,c5+
20.7212,15.000,10.379,0.2258,0.3231,15.0,c5+
20.9847,15.000,14.924,0.1243,0.4573,15.0,c5+
21.2479,15.000,14.313,0.0668,0.0200,15.0,c5+
21.5118,15.000,14.632,0.1032,0.0131,15.0,c5+
21.7949,-5.300,7.721,-0.0517,-0.7950,15.0,c5-
22.0577,-15.000,-5.417,-0.1705,-0.6915,15.0,c5-
22.3207,-15.000,-11.528,-0.1346,-0.3150,15.0,c5-
22.5847,-15.000,-13.494,-0.0481,-0.1256,15.0,c5-
22.8482,-15.000,-14.296,-0.0793,-0.0573,15.0,c5-
23.1113,5.321,-7.147,0.0763,0.6227,15.0,c6+
23.3761,15.000,6.258,-0.0832,1.0236,15.0,c6+
23.6393,15.000,10.342,0.2364,0.3033,15.0,c6+
23.9217,15.000,15.476,-0.0406,0.5942,15.0,c6+
24.1845,15.000,14.365,0.0823,0.0412,15.0,c6+
24.4480,15.000,14.691,0.0987,0.0178,15.0,c6+
24.7115,-5.301,7.768,-0.0875,-0.4288,15.0,c6-
24.9743,-15.000,-5.387,-0.1485,-0.8037,15.0,c6-
25.2385,-15.000,-11.288,-0.1469,-0.3325,15.0,c6-
25.5024,-15.000,-13.163,-0.0497,-0.0548,15.0,c6-
25.7660,-15.000,-14.223,-0.0804,-0.0553,15.0,c6-
26.0480,5.322,-7.083,0.0220,0.7926,15.0,c7+
26.3112,15.000,6.326,-0.0091,0.6961,15.0,c7+
26.5752,15.000,10.589,0.2535,0.2499,15.0,c7+
26.8383,15.000,14.115,0.0348,0.1854,15.0,c7+
27.1014,15.000,14.352,0.0906,0.0278,15.0,c7+
27.3640,15.000,14.679,0.1093,0.0172,15.0,c7+
27.6296,-5.301,7.701,-0.0931,-0.4298,15.0,c7-
27.9120,-15.000,-5.154,-0.1993,-0.6210,15.0,c7-
28.1751,-15.000,-10.907,-0.1435,-0.2954,15.0,c7-
28.4386,-15.000,-13.296,-0.0564,-0.0923,15.0,c7-
28.7018,-15.000,-14.276,-0.0871,-0.0490,15.0,c7-
28.9646,-15.000,-14.732,-0.0824,-0.0185,15.0,c7-
29.2280,5.323,-7.362,0.0684,0.6912,15.0,c8+
29.4913,15.000,6.304,-0.0957,1.0694,15.0,c8+
29.7562,15.000,10.359,0.2302,0.3090,15.0,c8+
30.0377,15.000,14.761,0.0140,0.3649,15.0,c8+
30.3013,15.000,14.303,0.0898,0.0259,15.0,c8+
30.5649,15.000,14.648,0.1059,0.0105,15.0,c8+
30.8277,-5.300,7.676,-0.0884,-0.4350,15.0,c8-
31.0913,-15.000,-5.305,-0.1496,-0.8134,15.0,c8-
31.3542,-15.000,-11.201,-0.1352,-0.3501,15.0,c8-
31.6176,-15.000,-13.174,-0.0532,-0.0715,15.0,c8-
31.8828,-15.000,-14.158,-0.0807,-0.0556,15.0,c8-
32.1655,5.321,-7.022,0.0164,0.8080,15.0,c9+
32.4290,15.000,6.316,-0.0055,0.6950,15.0,c9+
32.6916,15.000,10.634,0.2554,0.2544,15.0,c9+
32.9543,15.000,14.447,0.0969,0.4123,15.0,c9+
33.2181,15.000,14.307,0.1023,0.0322,15.0,c9+
33.4808,15.000,14.644,0.1372,0.0155,15.0,c9+
33.7456,-5.301,7.609,-0.0926,-0.4500,15.0,c9-
34.0092,-15.000,-5.260,-0.1261,-0.8590,15.0,c9-
34.2916,-15.000,-11.204,-0.1078,-0.3844,15.0,c9-
34.5545,-15.000,-13.158,-0.0636,-0.0673,15.0,c9-
34.8186,-15.000,-14.294,-0.0854,-0.0465,15.0,c9-
35.0815,-0.405,-8.282,0.0435,0.4773,15.0,ret0
35.3445,0.000,-3.642,0.0571,0.2536,15.0,ret0
35.6084,0.000,-1.744,0.0490,0.1385,15.0,ret0
35.8729,0.000,-0.784,0.0969,0.0740,15.0,ret0
36.1362,20.305,7.400,0.0857,0.7696,30.0,c0+
36.4181,30.000,20.481,0.0134,0.4968,30.0,c0+
36.6812,30.000,25.871,0.0614,0.2584,30.0,c0+
36.9446,30.000,28.390,0.0090,0.1224,30.0,c0+
37.2076,30.000,29.215,0.0297,0.0371,30.0,c0+
37.4702,30.000,29.680,0.0371,0.0193,30.0,c0+
37.7333,9.425,22.807,-0.0908,-0.7702,30.0,c0-
37.9987,-26.797,-3.108,0.1059,-2.6029,30.0,c0-
38.2811,-30.000,-18.230,-0.0384,-0.6941,30.0,c0-
38.5440,-30.000,-24.888,-0.0517,-0.2844,30.0,c0-
38.8077,-30.000,-27.806,-0.0619,-0.1512,30.0,c0-
39.0703,-30.000,-29.008,-0.0807,-0.0756,30.0,c0-
39.3333,-30.000,-29.519,-0.0904,-0.0329,30.0,c0-
39.5976,-9.388,-21.462,0.2099,0.5315,30.0,c1+
39.8620,26.671,2.485,0.2222,1.4406,30.0,c1+
40.1250,30.000,19.470,0.2987,-0.0124,30.0,c1+
40.4080,30.000,24.811,0.0818,0.3410,30.0,c1+
40.6708,30.000,27.773,0.0464,0.1247,30.0,c1+
40.9340,30.000,29.171,0.0160,0.0606,30.0,c1+
41.1971,30.000,29.652,0.0231,0.0397,30.0,c1+
41.4602,9.424,23.155,-0.0976,-0.7368,30.0,c1-
41.7231,-26.781,-3.171,0.1171,-2.6472,30.0,c1-
41.9886,-30.000,-18.229,-0.0449,-0.8200,30.0,c1-
42.2522,-30.000,-24.692,-0.0811,-0.2433,30.0,c1-
42.5332,-30.000,-27.710,-0.0854,-0.1391,30.0,c1-
42.7969,-30.000,-28.984,-0.0901,-0.0641,30.0,c1-
43.0601,-30.000,-29.567,-0.0951,-0.0282,30.0,c1-
43.3235,-9.389,-21.366,0.1943,0.7658,30.0,c2+
43.5877,26.669,2.287,0.2101,1.4702,30.0,c2+
43.8511,30.000,20.000,0.3226,-0.0140,30.0,c2+
44.1148,30.000,24.815,0.0834,0.3160,30.0,c2+
44.3966,30.000,27.792,0.0403,0.1327,30.0,c2+
44.6603,30.000,29.103,0.0117,0.0571,30.0,c2+
44.9234,30.000,29.538,0.0271,0.0127,30.0,c2+
45.1867,9.425,23.309,-0.1090,-0.7241,30.0,c2-
45.4502,-26.797,-3.104,0.1189,-2.6460,30.0,c2-
45.7134,-30.000,-18.474,-0.0341,-0.8344,30.0,c2-
45.9772,-30.000,-25.052,-0.0344,-0.3978,30.0,c2-
46.2412,-30.000,-27.773,-0.0743,-0.1638,30.0,c2-
46.5237,-30.000,-28.949,-0.0872,-0.0449,30.0,c2-
46.7864,-30.000,-29.514,-0.0948,-0.0213,30.0,c2-
47.0495,-9.388,-21.555,0.1469,0.8876,30.0,c3+
47.3140,26.670,2.245,0.1888,1.4711,30.0,c3+
47.5764,30.000,19.636,0.3601,-0.1366,30.0,c3+
47.8406,30.000,24.619,0.0720,0.3287,30.0,c3+
48.1046,30.000,27.843,0.0535,0.1350,30.0,c3+
48.3675,30.000,29.024,0.0220,0.0421,30.0,c3+
48.6500,30.000,29.564,0.0296,0.0224,30.0,c3+
48.9133,12.451,23.654,-0.1154,-0.7260,30.0,c3-
49.1764,-26.796,-3.097,0.1188,-2.6343,30.0,c3-
49.4395,-30.000,-18.038,-0.0319,-0.8335,30.0,c3-
49.7030,-30.000,-24.933,-0.0540,-0.3644,30.0,c3-
49.9662,-30.000,-27.681,-0.0677,-0.1542,30.0,c3-
50.2305,-30.000,-28.971,-0.0731,-0.0663,30.0,c3-
50.4949,-30.000,-29.595,-0.0898,-0.0420,30.0,c3-
50.7776,-9.389,-21.470,0.0585,1.1439,30.0,c4+
51.0403,26.669,2.417,0.1070,1.7378,30.0,c4+
51.3043,30.000,21.451,-0.0826,1.1531,30.0,c4+
51.5672,30.000,25.330,0.0836,0.3225,30.0,c4+
51.8303,30.000,27.841,0.0290,0.1008,30.0,c4+
52.0931,30.000,29.200,0.0091,0.0854,30.0,c4+
52.3577,30.000,29.579,0.0280,0.0197,30.0,c4+
52.6401,9.425,23.167,-0.2328,-0.6422,30.0,c4-
52.9027,-26.796,-3.167,-0.0640,-1.7899,30.0,c4-
53.1664,-30.000,-18.188,-0.0625,-0.7142,30.0,c4-
53.4301,-30.000,-25.156,0.0037,-0.3185,30.0,c4-
53.6934,-30.000,-27.931,-0.0560,-0.1888,30.0,c4-
53.9563,-30.000,-29.080,-0.0766,-0.0629,30.0,c4-
54.2193,-30.000,-29.554,-0.0883,-0.0231,30.0,c4-
54.4844,-9.388,-21.444,0.2057,0.7660,30.0,c5+
54.7665,26.669,2.129,0.1446,1.6709,30.0,c5+
55.0304,30.000,19.974,-0.1159,1.2930,30.0,c5+
55.2933,30.000,24.822,0.0759,0.3326,30.0,c5+
55.5563,30.000,27.913,0.0305,0.1384,30.0,c5+
55.8194,30.000,29.215,0.0137,0.0748,30.0,c5+
56.0822,30.000,29.656,0.0256,0.0310,30.0,c5+
56.3452,9.428,23.079,-0.1363,-0.7000,30.0,c5-
56.6105,-26.794,-3.238,0.1157,-2.6473,30.0,c5-
56.8928,-30.000,-18.245,-0.0542,-0.7260,30.0,c5-
57.1564,-30.000,-24.990,-0.0428,-0.2994,30.0,c5-
57.4200,-30.000,-27.932,-0.0699,-0.1603,30.0,c5-
57.6832,-30.000,-29.012,-0.0768,-0.0676,30.0,c5-
57.9457,-30.000,-29.559,-0.0821,-0.0336,30.0,c5-
58.2096,-9.388,-21.366,0.1761,0.8328,30.0,c6+
58.4752,26.669,2.491,0.2113,1.4435,30.0,c6+
58.7380,30.000,19.717,0.3336,-0.0766,30.0,c6+
59.0200,30.000,25.026,0.0607,0.3974,30.0,c6+
59.2832,30.000,27.881,0.0331,0.1345,30.0,c6+
59.5457,30.000,29.218,0.0175,0.0781,30.0,c6+
59.8093,30.000,29.650,0.0253,0.0284,30.0,c6+
60.0727,9.425,22.741,-0.1446,-0.6933,30.0,c6-
60.3359,-26.797,-3.065,0.1076,-2.6074,30.0,c6-
60.6008,-30.000,-18.494,-0.0374,-0.8370,30.0,c6-
60.8636,-30.000,-24.770,-0.0719,-0.2636,30.0,c6-
61.1454,-30.000,-27.763,-0.0800,-0.1480,30.0,c6-
61.4094,-30.000,-28.981,-0.0872,-0.0586,30.0,c6-
61.6726,-30.000,-29.624,-0.0997,-0.0250,30.0,c6-
61.9360,-9.388,-21.494,0.1733,0.8212,30.0,c7+
62.2001,26.671,2.426,0.2074,1.4503,30.0,c7+
62.4628,30.000,19.705,0.3166,-0.0353,30.0,c7+
62.7278,30.000,24.888,0.0719,0.3562,30.0,c7+
63.0095,30.000,28.056,0.0167,0.1858,30.0,c7+
63.2725,30.000,29.035,0.0325,0.0515,30.0,c7+
63.5354,30.000,29.554,0.0325,0.0149,30.0,c7+
63.7994,9.426,23.202,-0.1120,-0.7253,30.0,c7-
64.0628,-26.781,-3.276,0.1116,-2.6401,30.0,c7-
64.3264,-30.000,-17.998,-0.0273,-0.8347,30.0,c7-
64.5888,-30.000,-24.928,-0.0473,-0.3747,30.0,c7-
64.8541,-30.000,-27.908,-0.0890,-0.1226,30.0,c7-
65.1358,-30.000,-29.027,-0.0791,-0.0701,30.0,c7-
65.3996,-30.000,-29.588,-0.0839,-0.0337,30.0,c7-
65.6630,-12.418,-23.987,0.1847,0.7852,30.0,c8+
65.9264,26.671,2.529,0.2185,1.4450,30.0,c8+
66.1902,30.000,19.647,0.3124,-0.0284,30.0,c8+
66.4528,30.000,24.857,0.0392,0.4233,30.0,c8+
66.7161,30.000,27.750,0.0310,0.1385,30.0,c8+
66.9805,30.000,29.013,0.0239,0.0587,30.0,c8+
67.2625,30.000,29.644,0.0224,0.0380,30.0,c8+
67.5259,12.451,23.774,-0.1370,-0.7112,30.0,c8-
67.7896,-26.782,-3.054,0.1036,-2.5773,30.0,c8-
68.0520,-30.000,-18.519,-0.0259,-0.8581,30.0,c8-
68.3163,-30.000,-24.859,-0.0521,-0.3593,30.0,c8-
68.5797,-30.000,-27.760,-0.0790,-0.1452,30.0,c8-
68.8438,-30.000,-29.051,-0.0933,-0.0538,30.0,c8-
69.1068,-30.000,-29.587,-0.0859,-0.0414,30.0,c8-
69.3901,-9.388,-21.387,0.0553,1.1637,30.0,c9+
69.6534,26.671,2.505,0.1029,1.7738,30.0,c9+
69.9170,30.000,20.967,-0.0977,1.1747,30.0,c9+
70.1800,30.000,25.068,0.0780,0.3171,30.0,c9+
70.4429,30.000,27.885,0.0248,0.1187,30.0,c9+
70.7061,30.000,29.198,0.0323,0.0486,30.0,c9+
70.9702,30.000,29.614,0.0219,0.0231,30.0,c9+
71.2526,9.426,23.167,-0.2186,-0.6352,30.0,c9-
71.5165,-26.796,-3.167,-0.0586,-1.7966,30.0,c9-
71.7790,-30.000,-18.059,-0.0735,-0.6785,30.0,c9-
72.0429,-30.000,-25.177,-0.0076,-0.3193,30.0,c9-
72.3058,-30.000,-27.884,-0.0694,-0.1663,30.0,c9-
72.5692,-30.000,-29.015,-0.0791,-0.0831,30.0,c9-
72.8327,-30.000,-29.574,-0.0871,-0.0466,30.0,c9-
73.0978,-9.679,-21.336,0.1854,0.8065,30.0,ret0
73.3801,0.000,-8.805,-0.0546,0.6281,30.0,ret0
73.6431,0.000,-4.086,0.0541,0.2531,30.0,ret0
73.9065,0.000,-1.794,0.0611,0.0993,30.0,ret0
74.1688,0.000,-0.774,0.0988,0.0480,30.0,ret0
74.4326,0.000,-0.404,0.1093,0.0195,30.0,ret0
74.6957,20.595,7.489,-0.0489,1.0830,45.0,c0+
74.9605,45.000,25.061,-0.3356,1.9020,45.0,c0+
75.2236,45.000,37.145,0.0707,0.4779,45.0,c0+
75.5057,45.000,41.651,0.2568,0.3064,45.0,c0+
75.7686,45.000,43.573,0.2527,0.1236,45.0,c0+
76.0316,45.000,44.598,0.1969,0.0660,45.0,c0+
76.2957,24.398,38.284,0.0567,-0.6977,45.0,c0-
76.5591,-15.202,10.079,0.1528,-2.6612,45.0,c0-
76.8230,-45.000,-17.899,0.1806,-2.5290,45.0,c0-
77.0876,-45.000,-33.142,-0.1842,-0.8378,45.0,c0-
77.3508,-45.000,-39.997,-0.1087,-0.3074,45.0,c0-
77.6331,-45.000,-42.781,-0.1692,-0.1552,45.0,c0-
77.8956,-45.000,-44.090,-0.1647,-0.0792,45.0,c0-
78.1590,-45.000,-44.657,-0.1906,-0.0128,45.0,c0-
78.4232,-24.388,-37.771,0.1794,0.5598,45.0,c1+
78.6869,15.233,-11.178,0.2318,1.7880,45.0,c1+
78.9504,45.000,24.837,0.0345,2.8659,45.0,c1+
79.2146,45.000,27.837,-0.2854,1.2739,45.0,c1+
79.4969,45.000,37.373,0.4381,-0.3222,45.0,c1+
79.7594,45.000,42.302,0.2822,0.1278,45.0,c1+
80.0231,45.000,43.955,0.2324,0.0527,45.0,c1+
80.2857,45.000,44.609,0.0890,-0.0642,45.0,c1+
80.5501,24.397,38.114,0.0565,-0.7102,45.0,c1-
80.8135,-15.202,10.450,0.1497,-2.5606,45.0,c1-
81.0769,-45.000,-18.174,0.1557,-2.4530,45.0,c1-
81.3416,-45.000,-33.110,-0.1801,-0.8286,45.0,c1-
81.6239,-45.000,-40.115,-0.1009,-0.3469,45.0,c1-
81.8868,-45.000,-42.876,-0.1668,-0.1864,45.0,c1-
82.1504,-45.000,-44.041,-0.1707,-0.0631,45.0,c1-
82.4134,-45.000,-44.641,-0.1835,-0.0225,45.0,c1-
82.6774,-24.389,-37.776,0.1806,0.5569,45.0,c2+
82.9404,15.233,-11.023,0.2388,1.7844,45.0,c2+
83.2041,45.000,24.402,-0.0051,2.9473,45.0,c2+
83.4679,45.000,28.186,-0.1745,1.0262,45.0,c2+
83.7509,45.000,37.708,0.3969,-0.2073,45.0,c2+
84.0141,45.000,42.470,0.2761,0.1753,45.0,c2+
84.2772,45.000,44.572,0.2069,0.1567,45.0,c2+
84.5401,45.000,44.639,0.1919,0.0059,45.0,c2+
84.8035,24.398,38.275,0.0516,-0.6943,45.0,c2-
85.0672,-15.204,9.479,0.1926,-2.9786,45.0,c2-
85.3326,-45.000,-18.165,0.1487,-2.4275,45.0,c2-
85.5952,-45.000,-32.975,-0.1670,-0.8639,45.0,c2-
85.8775,-45.000,-39.736,-0.1230,-0.2442,45.0,c2-
86.1413,-45.000,-42.768,-0.1762,-0.1652,45.0,c2-
86.4043,-45.000,-44.154,-0.1820,-0.0463,45.0,c2-
86.6680,-45.000,-44.578,-0.1830,-0.0160,45.0,c2-
86.9316,-24.389,-37.717,0.1812,0.5598,45.0,c3+
87.1947,15.233,-11.387,0.2268,1.7902,45.0,c3+
87.4593,45.000,25.155,0.0497,2.8330,45.0,c3+
87.7233,45.000,27.814,0.7117,-0.7794,45.0,c3+
88.0050,45.000,37.590,0.4168,-0.2536,45.0,c3+
88.2690,45.000,42.301,0.2882,0.1312,45.0,c3+
88.5316,45.000,44.106,0.2491,0.0386,45.0,c3+
88.7954,45.000,44.993,-0.0012,-0.0072,45.0,c3+
89.0583,24.400,38.086,0.0221,-0.6263,45.0,c3-
89.3218,-15.198,10.094,0.2706,-3.0680,45.0,c3-
89.5864,-45.000,-18.495,0.1161,-2.4032,45.0,c3-
89.8694,-45.000,-32.975,-0.2316,-0.7386,45.0,c3-
90.1320,-45.000,-40.050,-0.1048,-0.3274,45.0,c3-
90.3953,-45.000,-42.659,-0.1838,-0.1219,45.0,c3-
90.6592,-45.000,-43.987,-0.1565,-0.0617,45.0,c3-
90.9223,-45.000,-44.604,-0.1824,-0.0179,45.0,c3-
91.1862,-24.389,-37.786,0.1799,0.5566,45.0,c4+
91.4497,15.233,-11.226,0.2350,1.7775,45.0,c4+
91.7137,45.000,24.847,0.0364,2.8578,45.0,c4+
91.9966,45.000,27.918,0.6980,-0.7413,45.0,c4+
92.2592,45.000,37.846,0.3880,-0.1683,45.0,c4+
92.5229,45.000,42.611,0.2621,0.1917,45.0,c4+
92.7862,45.000,44.062,0.2154,0.0641,45.0,c4+
93.0494,45.000,44.006,0.1988,-0.3950,45.0,c4+
93.3129,24.398,37.956,0.0108,-0.5737,45.0,c4-
93.5765,-15.202,9.212,0.1156,-2.7198,45.0,c4-
93.8413,-45.000,-18.192,0.1620,-2.5028,45.0,c4-
94.1234,-45.000,-32.878,-0.2421,-0.7062,45.0,c4-
94.3866,-45.000,-39.795,-0.1128,-0.2631,45.0,c4-
94.6501,-45.000,-42.898,-0.1734,-0.1514,45.0,c4-
94.9134,-45.000,-44.035,-0.1641,-0.0754,45.0,c4-
95.1763,-45.000,-44.635,-0.1922,-0.0121,45.0,c4-
95.4403,-24.388,-37.836,0.1787,0.5527,45.0,c5+
95.7051,15.235,-11.600,0.2132,1.7947,45.0,c5+
95.9680,45.000,25.939,0.1444,2.6141,45.0,c5+
96.2508,45.000,27.857,0.6914,-0.8506,45.0,c5+
96.5138,45.000,37.578,0.4123,-0.2964,45.0,c5+
96.7769,45.000,42.731,0.2787,0.1617,45.0,c5+
97.0396,45.000,44.103,0.2310,0.0862,45.0,c5+
97.3033,45.000,45.145,-0.0342,-0.0358,45.0,c5+
97.5666,24.399,37.921,-0.0013,-0.5643,45.0,c5-
97.8312,-15.198,9.343,0.1792,-2.9570,45.0,c5-
98.0946,-45.000,-18.165,-0.1631,-1.5305,45.0,c5-
98.3775,-45.000,-33.036,-0.2308,-0.7379,45.0,c5-
98.6403,-45.000,-39.914,-0.1230,-0.2849,45.0,c5-
98.9034,-45.000,-42.810,-0.1627,-0.1305,45.0,c5-
99.1676,-45.000,-44.028,-0.1570,-0.0623,45.0,c5-
99.4306,-45.000,-44.540,-0.1764,-0.0375,45.0,c5-
99.6944,-24.387,-37.715,0.1749,0.5632,45.0,c6+
99.9592,15.235,-11.108,0.2424,1.7772,45.0,c6+
100.2418,45.000,24.474,-0.4784,3.1605,45.0,c6+
100.5050,45.000,28.094,0.6782,-0.6659,45.0,c6+
100.7684,45.000,37.912,0.3776,-0.1434,45.0,c6+
101.0316,45.000,42.731,0.2500,0.2164,45.0,c6+
101.2948,45.000,44.416,0.1813,0.1664,45.0,c6+
101.5576,45.000,45.392,0.1654,0.1079,45.0,c6+
101.8209,24.399,38.294,0.0505,-0.6820,45.0,c6-
102.0859,-15.199,9.965,0.2479,-3.0449,45.0,c6-
102.3683,-45.000,-18.608,-0.1069,-1.6845,45.0,c6-
102.6317,-45.000,-32.867,-0.2417,-0.7126,45.0,c6-
102.8951,-45.000,-39.831,-0.1194,-0.2804,45.0,c6-
103.1591,-45.000,-43.010,-0.1794,-0.1486,45.0,c6-
103.4220,-45.000,-44.075,-0.1661,-0.0636,45.0,c6-
103.6855,-45.000,-44.540,-0.1782,-0.0268,45.0,c6-
103.9490,-24.389,-37.760,0.1770,0.5633,45.0,c7+
104.2143,15.233,-11.208,0.2378,1.7850,45.0,c7+
104.4965,45.000,24.606,-0.4912,3.1984,45.0,c7+
104.7599,45.000,28.105,0.6777,-0.6660,45.0,c7+
105.0233,45.000,41.355,0.3976,-0.2040,45.0,c7+
105.2861,45.000,42.642,0.2681,0.1838,45.0,c7+
105.5499,45.000,44.381,0.2048,0.1486,45.0,c7+
105.8135,24.398,38.071,0.0315,-0.6175,45.0,c7-
106.0781,-15.201,9.386,0.1838,-2.9694,45.0,c7-
106.3416,-45.000,-18.101,0.1409,-2.4084,45.0,c7-
106.6237,-45.000,-32.973,-0.2359,-0.7206,45.0,c7-
106.8872,-45.000,-40.006,-0.1062,-0.3213,45.0,c7-
107.1510,-45.000,-43.081,-0.1872,-0.1381,45.0,c7-
107.4137,-45.000,-44.062,-0.1691,-0.0488,45.0,c7-
107.6773,-45.000,-44.564,-0.1815,-0.0383,45.0,c7-
107.9403,-24.388,-37.710,0.1770,0.5612,45.0,c8+
108.2054,15.234,-11.067,0.2454,1.7771,45.0,c8+
108.4692,45.000,24.369,-0.4685,3.1325,45.0,c8+
108.7511,45.000,28.192,0.6730,-0.6335,45.0,c8+
109.0146,45.000,38.024,0.3668,-0.1072,45.0,c8+
109.2774,45.000,42.803,0.2526,0.2074,45.0,c8+
109.5409,45.000,44.392,0.1879,0.1627,45.0,c8+
109.8036,45.000,45.924,0.1245,0.1892,45.0,c8+
110.0680,24.398,38.108,0.0214,-0.6383,45.0,c8-
110.3320,-15.202,9.933,0.2488,-3.0528,45.0,c8-
110.6150,-45.000,-18.487,-0.1284,-1.6383,45.0,c8-
110.8782,-45.000,-33.034,-0.2261,-0.7564,45.0,c8-
111.1421,-45.000,-39.930,-0.1126,-0.2927,45.0,c8-
111.4051,-45.000,-42.950,-0.1816,-0.1416,45.0,c8-
111.6686,-45.000,-44.087,-0.1640,-0.0883,45.0,c8-
111.9320,-45.000,-44.574,-0.1786,-0.0416,45.0,c8-
112.1955,-24.388,-37.924,0.1755,0.5529,45.0,c9+
112.4595,15.234,-11.577,0.2211,1.7894,45.0,c9+
112.7422,45.000,25.843,-0.5931,3.6022,45.0,c9+
113.0056,45.000,27.776,0.6992,-0.8600,45.0,c9+
113.2687,45.000,37.422,0.4294,-0.3441,45.0,c9+
113.5326,45.000,42.504,0.2720,0.1178,45.0,c9+
113.7960,45.000,44.065,0.2324,0.0814,45.0,c9+
114.0588,45.000,45.385,0.1344,0.1472,45.0,c9+
114.3227,24.398,38.255,0.0757,-0.7646,45.0,c9-
114.5874,-15.202,9.641,0.2118,-3.0283,45.0,c9-
114.8699,-45.000,-18.179,-0.1569,-1.5410,45.0,c9-
115.1332,-45.000,-33.164,-0.2078,-0.7699,45.0,c9-
115.3964,-45.000,-40.191,-0.1088,-0.3017,45.0,c9-
115.6598,-45.000,-42.974,-0.1650,-0.1787,45.0,c9-
115.9230,-45.000,-44.036,-0.1657,-0.0708,45.0,c9-
116.1864,-45.000,-44.611,-0.1852,-0.0158,45.0,c9-
116.4510,-24.389,-37.694,0.1797,0.5665,45.0,ret0
116.7150,0.000,-17.220,0.1243,1.3798,45.0,ret0
116.9965,0.000,-7.642,0.0918,0.4163,45.0,ret0
117.2596,0.000,-3.232,0.0599,0.1970,45.0,ret0
117.5236,0.000,-1.356,0.0750,0.0811,45.0,ret0
117.7865,0.000,-0.681,0.0925,0.0445,45.0,ret0
118.0501,20.598,7.480,0.0045,0.9199,60.0,c0+
118.3139,56.721,28.561,-0.5955,3.0774,60.0,c0+
118.5785,60.000,47.077,0.0650,0.6677,60.0,c0+
118.8417,60.000,54.813,0.0173,0.2714,60.0,c0+
119.1238,60.000,57.671,-0.0440,0.0991,60.0,c0+
119.3860,60.000,58.844,0.0209,0.0612,60.0,c0+
119.6501,60.000,59.484,0.0637,0.0199,60.0,c0+
119.9136,39.406,49.835,-0.2118,-1.0660,60.0,c0-
120.1766,-0.204,25.689,-0.3877,-1.4673,60.0,c0-
120.4407,-39.814,-4.807,-0.0258,-2.6425,60.0,c0-
120.7053,-60.000,-38.947,-0.2920,-1.5141,60.0,c0-
120.9875,-60.000,-50.886,0.1546,-0.6981,60.0,c0-
121.2505,-60.000,-55.714,-0.0743,-0.3411,60.0,c0-
121.5141,-60.000,-58.075,-0.1145,-0.1561,60.0,c0-
121.7773,-60.000,-59.197,-0.1001,-0.0616,60.0,c0-
122.0406,-60.000,-59.668,-0.1020,-0.0183,60.0,c0-
122.3043,-39.380,-52.068,0.1647,0.8053,60.0,c1+
122.5682,0.248,-26.547,0.1456,1.6171,60.0,c1+
122.8325,39.865,7.825,0.3539,1.7750,60.0,c1+
123.1158,60.000,35.542,0.2103,1.2487,60.0,c1+
123.3789,60.000,49.891,0.0497,0.5726,60.0,c1+
123.6419,60.000,57.370,-0.1656,0.6465,60.0,c1+
123.9046,60.000,58.173,-0.0280,0.0985,60.0,c1+
124.1682,60.000,59.091,0.0394,0.0608,60.0,c1+
124.4319,39.406,50.242,-0.1426,-1.1766,60.0,c1-
124.6952,-0.206,24.893,-0.3318,-1.6224,60.0,c1-
124.9599,-39.816,-4.884,-0.1201,-2.3602,60.0,c1-
125.2424,-60.000,-39.132,0.0902,-2.2838,60.0,c1-
125.5051,-60.000,-50.982,0.1646,-0.7310,60.0,c1-
125.7693,-60.000,-55.930,-0.0825,-0.3322,60.0,c1-
126.0322,-60.000,-58.217,-0.1213,-0.1335,60.0,c1-
126.2955,-60.000,-59.225,-0.1038,-0.0600,60.0,c1-
126.5595,-60.000,-59.655,-0.0992,-0.0276,60.0,c1-
126.8238,-39.381,-52.218,0.1436,0.8750,60.0,c2+
127.0878,0.247,-26.416,0.1484,1.6086,60.0,c2+
127.3702,39.864,7.876,0.0820,2.7001,60.0,c2+
127.6331,60.000,35.695,0.1925,1.2772,60.0,c2+
127.8965,60.000,50.517,0.0393,0.5795,60.0,c2+
128.1596,60.000,57.191,-0.1625,0.6583,60.0,c2+
128.4225,60.000,58.123,-0.0274,0.0873,60.0,c2+
128.6857,60.000,59.078,0.0358,0.0654,60.0,c2+
128.9505,39.406,50.252,-0.1400,-1.1831,60.0,c2-
129.2338,-0.205,24.920,-0.0564,-2.4691,60.0,c2-
129.4973,-39.816,-4.879,-0.3810,-1.7778,60.0,c2-
129.7606,-60.000,-39.149,0.0907,-2.2832,60.0,c2-
130.0238,-60.000,-50.662,0.1585,-0.7071,60.0,c2-
130.2867,-60.000,-55.702,-0.0869,-0.3113,60.0,c2-
130.5501,-60.000,-58.307,-0.1131,-0.1687,60.0,c2-
130.8135,-60.000,-59.264,-0.1016,-0.0580,60.0,c2-
131.0786,-60.000,-59.670,-0.0994,-0.0130,60.0,c2-
131.3611,-39.381,-52.166,0.1155,0.9694,60.0,c3+
131.6252,0.247,-26.577,0.0395,1.8439,60.0,c3+
131.8884,39.864,7.770,0.0956,2.6712,60.0,c3+
132.1514,60.000,37.390,0.1940,1.2840,60.0,c3+
132.4152,60.000,50.439,0.0377,0.5766,60.0,c3+
132.6778,60.000,57.151,-0.1871,0.6743,60.0,c3+
132.9414,60.000,58.125,-0.0259,0.0949,60.0,c3+
133.2063,60.000,59.085,0.0340,0.0720,60.0,c3+
133.4883,39.407,50.264,0.0019,-1.3058,60.0,c3-
133.7518,-0.206,24.882,-0.0551,-2.4768,60.0,c3-
134.0155,-42.864,-10.700,-0.3860,-1.7713,60.0,c3-
134.2794,-60.000,-39.069,0.0901,-2.2775,60.0,c3-
134.5421,-60.000,-50.704,0.1634,-0.7100,60.0,c3-
134.8061,-60.000,-55.811,-0.0695,-0.3483,60.0,c3-
135.0707,-60.000,-58.292,-0.1122,-0.1728,60.0,c3-
135.3336,-60.000,-59.278,-0.0958,-0.0788,60.0,c3-
135.6163,-60.000,-59.657,-0.0980,-0.0186,60.0,c3-
135.8795,-42.410,-53.902,0.1548,0.8133,60.0,c4+
136.1433,0.249,-26.478,0.1459,1.6177,60.0,c4+
136.4073,39.866,7.781,0.3528,1.7705,60.0,c4+
136.6705,60.000,35.721,0.0312,1.6601,60.0,c4+
136.9335,60.000,49.760,0.0204,0.5509,60.0,c4+
137.1985,60.000,57.175,-0.1203,0.6318,60.0,c4+
137.4609,60.000,58.033,-0.0248,0.1047,60.0,c4+
137.7437,60.000,59.035,0.0367,0.0662,60.0,c4+
138.0066,42.434,52.240,-0.1374,-1.2046,60.0,c4-
138.2702,-0.207,24.849,-0.3357,-1.5986,60.0,c4-
138.5335,-39.817,-4.813,-0.1060,-2.3948,60.0,c4-
138.7975,-60.000,-38.917,-0.2824,-1.5246,60.0,c4-
139.0604,-60.000,-50.917,0.0005,-0.4706,60.0,c4-
139.3255,-60.000,-55.616,-0.0979,-0.2907,60.0,c4-
139.6072,-60.000,-58.043,-0.1220,-0.1448,60.0,c4-
139.8711,-60.000,-59.198,-0.1031,-0.0581,60.0,c4-
140.1345,-60.000,-59.636,-0.1020,-0.0214,60.0,c4-
140.3985,-39.382,-52.267,0.1354,0.9027,60.0,c5+
140.6622,0.246,-26.516,0.1462,1.6100,60.0,c5+
140.9258,39.863,7.618,0.3423,1.7871,60.0,c5+
141.1890,60.000,35.727,0.0467,1.6357,60.0,c5+
141.4531,60.000,49.860,0.0259,0.5368,60.0,c5+
141.7357,60.000,57.314,-0.1813,0.5735,60.0,c5+
141.9984,60.000,58.061,-0.0259,0.1135,60.0,c5+
142.2618,60.000,59.057,0.0330,0.0715,60.0,c5+
142.5253,39.405,50.186,-0.1425,-1.1801,60.0,c5-
142.7895,-0.206,24.894,-0.3346,-1.6039,60.0,c5-
143.0524,-39.816,-4.842,-0.1126,-2.3802,60.0,c5-
143.3177,-60.000,-39.028,-0.2749,-1.5501,60.0,c5-
143.5812,-60.000,-50.950,-0.0073,-0.4547,60.0,c5-
143.8635,-60.000,-55.636,-0.0836,-0.3279,60.0,c5-
144.1270,-60.000,-57.956,-0.1285,-0.1211,60.0,c5-
144.3895,-60.000,-59.260,-0.0997,-0.0560,60.0,c5-
144.6535,-60.000,-59.647,-0.1007,-0.0232,60.0,c5-
144.9174,-39.380,-52.417,0.1178,0.9402,60.0,c6+
145.1810,0.248,-26.662,0.1378,1.6229,60.0,c6+
145.4459,39.865,7.582,0.3481,1.7966,60.0,c6+
145.7085,60.000,35.588,0.2002,1.2622,60.0,c6+
145.9913,60.000,49.789,0.0418,0.5356,60.0,c6+
146.2542,60.000,57.289,-0.1580,0.6320,60.0,c6+
146.5178,60.000,58.145,-0.0364,0.1269,60.0,c6+
146.7809,60.000,59.029,0.0353,0.0456,60.0,c6+
147.0441,39.407,50.205,-0.1409,-1.2039,60.0,c6-
147.3080,-0.203,24.876,-0.3338,-1.6025,60.0,c6-
147.5729,-39.813,-4.843,-0.1072,-2.3986,60.0,c6-
147.8554,-60.000,-39.075,0.0873,-2.2648,60.0,c6-
148.1181,-60.000,-50.998,0.1659,-0.7382,60.0,c6-
148.3820,-60.000,-55.707,-0.0721,-0.3385,60.0,c6-
148.6453,-60.000,-58.320,-0.1085,-0.1860,60.0,c6-
148.9083,-60.000,-59.235,-0.1048,-0.0451,60.0,c6-
149.1716,-60.000,-59.637,-0.0913,-0.0214,60.0,c6-
149.4353,-39.382,-52.361,0.1271,0.9089,60.0,c7+
149.7006,0.248,-26.602,0.1353,1.6268,60.0,c7+
149.9828,39.865,7.803,0.1011,2.6814,60.0,c7+
150.2467,60.000,35.584,0.2007,1.2557,60.0,c7+
150.5097,60.000,49.829,0.0409,0.5510,60.0,c7+
150.7733,60.000,57.415,-0.0861,0.5214,60.0,c7+
151.0358,60.000,58.097,-0.0354,0.1160,60.0,c7+
151.2996,60.000,59.068,0.0438,0.0417,60.0,c7+
151.5632,39.406,50.170,-0.1502,-1.1835,60.0,c7-
151.8280,-0.205,25.001,-0.3376,-1.6064,60.0,c7-
152.1104,-39.815,-4.848,-0.3810,-1.7669,60.0,c7-
152.3741,-60.000,-39.116,0.0871,-2.2781,60.0,c7-
152.6368,-60.000,-50.626,0.1484,-0.6945,60.0,c7-
152.9008,-60.000,-55.902,-0.0889,-0.3041,60.0,c7-
153.1639,-60.000,-58.235,-0.1294,-0.1258,60.0,c7-
153.4273,-60.000,-59.200,-0.1005,-0.0575,60.0,c7-
153.6917,-60.000,-59.670,-0.0989,-0.0200,60.0,c7-
153.9554,-39.382,-52.217,0.1488,0.8391,60.0,c8+
154.2377,0.248,-26.538,0.0394,1.8539,60.0,c8+
154.5019,39.865,7.665,0.1127,2.6421,60.0,c8+
154.7650,60.000,37.289,0.1869,1.2928,60.0,c8+
155.0283,60.000,50.359,0.0354,0.5612,60.0,c8+
155.2909,60.000,57.070,-0.1827,0.6441,60.0,c8+
155.5547,60.000,58.157,-0.0248,0.1029,60.0,c8+
155.8185,60.000,59.004,0.0322,0.0710,60.0,c8+
156.0828,39.405,50.262,-0.0039,-1.3042,60.0,c8-
156.3642,-0.205,24.849,-0.0503,-2.4868,60.0,c8-
156.6287,-39.816,-4.826,-0.3836,-1.7646,60.0,c8-
156.8923,-60.000,-39.157,0.0806,-2.2564,60.0,c8-
157.1552,-60.000,-50.744,0.1504,-0.6998,60.0,c8-
157.4183,-60.000,-55.800,-0.0796,-0.3173,60.0,c8-
157.6822,-60.000,-58.224,-0.1115,-0.1741,60.0,c8-
157.9467,-60.000,-59.293,-0.0991,-0.0793,60.0,c8-
158.2284,-60.000,-59.629,-0.1056,-0.0142,60.0,c8-
158.4921,-42.412,-53.801,0.1472,0.8486,60.0,c9+
158.7565,-2.801,-29.556,0.1412,1.6264,60.0,c9+
159.0193,39.865,7.654,0.3461,1.7893,60.0,c9+
159.2830,60.000,35.722,0.0573,1.6150,60.0,c9+
159.5463,60.000,49.903,0.0120,0.5715,60.0,c9+
159.8100,60.000,57.432,-0.0254,0.4109,60.0,c9+
160.0742,60.000,58.042,-0.0380,0.1032,60.0,c9+
160.3565,60.000,59.043,0.0314,0.0664,60.0,c9+
160.6192,42.436,52.305,-0.1462,-1.1911,60.0,c9-
160.8835,-0.205,24.913,-0.3427,-1.5798,60.0,c9-
161.1467,-39.814,-4.837,-0.1031,-2.4103,60.0,c9-
161.4108,-60.000,-39.033,-0.2798,-1.5487,60.0,c9-
161.6731,-60.000,-50.968,-0.0146,-0.4462,60.0,c9-
161.9387,-60.000,-55.714,-0.0906,-0.3207,60.0,c9-
162.2017,-60.000,-58.110,-0.1342,-0.1312,60.0,c9-
162.4840,-60.000,-59.150,-0.1042,-0.0554,60.0,c9-
162.7467,-60.000,-59.658,-0.0936,-0.0245,60.0,c9-
163.0109,-39.382,-52.287,0.1302,0.9062,60.0,ret0
163.2748,-3.362,-27.812,0.1064,1.5334,60.0,ret0
163.5384,0.000,-11.936,0.1328,0.8906,60.0,ret0
163.8011,0.000,-5.283,-0.0010,0.2710,60.0,ret0
164.0660,0.000,-2.265,0.0414,0.1651,60.0,ret0
164.3288,0.000,-1.074,0.0878,0.0550,60.0,ret0
164.6116,0.000,-0.495,0.1001,0.0289,60.0,ret0
164.8750,17.570,7.417,-0.0273,0.9966,75.0,c0+
165.1378,60.197,29.223,-0.5670,3.1530,75.0,c0+
165.4017,75.000,57.505,-0.0763,1.4954,75.0,c0+
165.6651,75.000,66.673,0.1303,0.5600,75.0,c0+
165.9282,75.000,71.332,0.2283,0.2285,75.0,c0+
166.1925,75.000,73.919,0.1417,0.2019,75.0,c0+
166.4748,75.000,74.758,0.0568,0.0436,75.0,c0+
166.7388,57.433,69.063,-0.0687,-0.6217,75.0,c0-
167.0014,17.837,43.969,-0.1325,-1.8922,75.0,c0-
167.2649,-24.816,8.447,-0.0389,-2.1408,75.0,c0-
167.5286,-64.248,-30.964,-0.2477,-2.2877,75.0,c0-
167.7922,-75.000,-53.224,0.1785,-1.6773,75.0,c0-
168.0560,-75.000,-65.944,-0.1979,-0.5050,75.0,c0-
168.3205,-75.000,-71.323,-0.2785,-0.3531,75.0,c0-
168.6024,-75.000,-73.401,-0.1361,-0.0438,75.0,c0-
168.8663,-75.000,-74.749,0.0513,-0.0224,75.0,c0-
169.1300,-57.418,-68.847,-0.0315,0.4976,75.0,c1+
169.3934,-14.756,-41.188,-0.1772,2.7052,75.0,c1+
169.6571,24.864,-6.063,0.0168,2.8188,75.0,c1+
169.9200,64.276,29.084,-0.0373,2.6399,75.0,c1+
170.1837,75.000,54.988,-0.0957,1.4741,75.0,c1+
170.4485,75.000,66.243,0.1472,0.7525,75.0,c1+
170.7307,75.000,71.212,0.2137,0.2935,75.0,c1+
170.9934,75.000,73.936,0.1424,0.2287,75.0,c1+
171.2572,75.000,74.741,0.0856,0.0570,75.0,c1+
171.5205,54.403,66.124,-0.0337,-0.7281,75.0,c1-
171.7833,14.786,38.148,-0.1298,-1.8949,75.0,c1-
172.0471,-24.819,8.443,-0.0376,-2.1466,75.0,c1-
172.3126,-64.250,-30.968,-0.2483,-2.2971,75.0,c1-
172.5761,-75.000,-53.340,0.1596,-1.6279,75.0,c1-
172.8577,-75.000,-65.814,-0.2174,-0.4990,75.0,c1-
173.1212,-75.000,-71.316,-0.2606,-0.3496,75.0,c1-
173.3840,-75.000,-74.394,-0.1171,-0.2095,75.0,c1-
173.6478,-75.000,-74.448,-0.0394,-0.0188,75.0,c1-
173.9118,-54.388,-67.749,-0.0318,0.4646,75.0,c2+
174.1753,-14.756,-40.412,-0.0801,2.6088,75.0,c2+
174.4399,24.865,-5.217,0.1556,2.5180,75.0,c2+
174.7031,64.277,29.006,0.0656,2.3484,75.0,c2+
174.9857,75.000,54.950,0.0076,1.0410,75.0,c2+
175.2488,75.000,66.362,0.1588,0.6010,75.0,c2+
175.5123,75.000,71.339,0.2152,0.2964,75.0,c2+
175.7758,75.000,73.689,0.1704,0.1557,75.0,c2+
176.0382,75.000,74.471,0.1012,0.0149,75.0,c2+
176.3025,54.404,66.730,0.0321,-0.8737,75.0,c2-
176.5670,14.789,38.138,-0.1369,-1.8316,75.0,c2-
176.8498,-24.817,8.514,-0.0534,-2.0307,75.0,c2-
177.1135,-64.248,-30.955,0.1147,-3.0041,75.0,c2-
177.3761,-75.000,-53.307,-0.2609,-0.6926,75.0,c2-
177.6401,-75.000,-66.709,-0.2099,-0.5179,75.0,c2-
177.9030,-75.000,-71.635,-0.2854,-0.3002,75.0,c2-
178.1667,-75.000,-74.200,-0.1277,-0.1977,75.0,c2-
178.4303,-75.000,-75.122,-0.0756,-0.0942,75.0,c2-
178.6950,-54.390,-67.644,-0.0602,0.7477,75.0,c3+
178.9772,-14.759,-40.827,0.0470,1.9384,75.0,c3+
179.2411,24.862,-5.786,-0.0992,2.8161,75.0,c3+
179.5048,64.275,29.035,0.0549,2.3626,75.0,c3+
179.7685,75.000,56.546,-0.0029,1.0572,75.0,c3+
180.0314,75.000,66.680,0.2020,0.5480,75.0,c3+
180.2948,75.000,71.330,0.2335,0.2201,75.0,c3+
180.5593,75.000,74.601,0.1867,0.1884,75.0,c3+
180.8223,75.000,74.455,0.0965,0.0079,75.0,c3+
181.1049,54.405,66.429,0.0779,-1.0159,75.0,c3-
181.3685,14.791,38.112,0.2974,-2.7212,75.0,c3-
181.6317,-27.861,7.243,-0.0523,-2.0371,75.0,c3-
181.8959,-66.772,-30.093,0.1129,-2.9928,75.0,c3-
182.1595,-75.000,-56.657,-0.2590,-0.6709,75.0,c3-
182.4221,-75.000,-66.752,-0.2055,-0.5296,75.0,c3-
182.6869,-75.000,-71.501,-0.2827,-0.2952,75.0,c3-
182.9504,-75.000,-74.030,-0.1010,-0.2087,75.0,c3-
183.2330,-75.000,-76.197,0.1411,-0.3423,75.0,c3-
183.4965,-57.421,-67.890,-0.0919,0.7387,75.0,c4+
183.7597,-14.758,-41.185,-0.1750,2.7128,75.0,c4+
184.0233,24.863,-6.029,0.0186,2.8124,75.0,c4+
184.2871,64.276,29.123,-0.0433,2.6559,75.0,c4+
184.5502,75.000,54.954,-0.0807,1.4316,75.0,c4+
184.8155,75.000,66.334,0.1245,0.8099,75.0,c4+
185.0978,75.000,71.040,0.2262,0.2458,75.0,c4+
185.3605,75.000,73.553,0.1737,0.1220,75.0,c4+
185.6238,75.000,74.336,0.1330,0.0087,75.0,c4+
185.8880,54.404,66.684,0.0105,-0.8094,75.0,c4-
186.1514,14.790,38.136,-0.1295,-1.8767,75.0,c4-
186.4143,-24.815,8.504,-0.0316,-2.1642,75.0,c4-
186.6784,-64.246,-30.940,-0.2430,-2.2904,75.0,c4-
186.9426,-75.000,-53.248,0.2268,-1.7923,75.0,c4-
187.2257,-75.000,-66.013,-0.1929,-0.5516,75.0,c4-
187.4886,-75.000,-71.056,-0.2856,-0.3012,75.0,c4-
187.7518,-75.000,-74.415,-0.0640,-0.3391,75.0,c4-
188.0158,-75.000,-74.522,-0.0098,-0.0115,75.0,c4-
188.2794,-54.389,-68.005,-0.0432,0.4864,75.0,c5+
188.5426,-14.757,-41.288,-0.2018,2.7863,75.0,c5+
188.8065,24.865,-5.730,0.0515,2.7603,75.0,c5+
189.0708,64.279,28.926,-0.0388,2.6615,75.0,c5+
189.3534,75.000,54.874,0.0133,1.0199,75.0,c5+
189.6173,75.000,66.097,0.1918,0.5541,75.0,c5+
189.8795,75.000,71.373,0.2418,0.2220,75.0,c5+
190.1435,75.000,73.603,0.2131,0.0678,75.0,c5+
190.4068,75.000,74.412,0.0939,0.0086,75.0,c5+
190.6700,54.406,66.371,-0.0458,-0.6281,75.0,c5-
190.9349,14.789,38.134,-0.1316,-1.8703,75.0,c5-
191.1983,-24.816,8.467,-0.0353,-2.1507,75.0,c5-
191.4809,-64.248,-30.922,0.1113,-2.9957,75.0,c5-
191.7449,-75.000,-53.346,-0.2479,-0.6773,75.0,c5-
192.0078,-75.000,-66.606,-0.1944,-0.5499,75.0,c5-
192.2713,-75.000,-71.397,-0.2644,-0.3346,75.0,c5-
192.5345,-75.000,-73.942,-0.1459,-0.1431,75.0,c5-
192.7981,-75.000,-75.536,0.2171,-0.4793,75.0,c5-
193.0629,-54.390,-67.766,-0.0299,0.6349,75.0,c6+
193.3267,-14.758,-41.229,0.0871,1.7961,75.0,c6+
193.6089,24.862,-5.618,-0.1120,2.8648,75.0,c6+
193.8723,64.275,28.922,0.0646,2.3425,75.0,c6+
194.1363,75.000,56.602,0.0039,1.0366,75.0,c6+
194.3986,75.000,66.568,0.1945,0.5528,75.0,c6+
194.6616,75.000,71.249,0.2313,0.2215,75.0,c6+
194.9254,75.000,73.695,0.1663,0.1358,75.0,c6+
195.1894,75.000,74.610,0.0819,-0.0008,75.0,c6+
195.4726,54.405,65.886,0.1334,-1.1823,75.0,c6-
195.7356,14.790,38.120,0.2956,-2.7195,75.0,c6-
195.9990,-24.816,8.497,-0.0501,-2.0337,75.0,c6-
196.2626,-66.772,-30.149,0.1113,-3.0026,75.0,c6-
196.5264,-75.000,-56.613,-0.2551,-0.6784,75.0,c6-
196.7894,-75.000,-66.663,-0.2016,-0.5390,75.0,c6-
197.0525,-75.000,-71.538,-0.2791,-0.3067,75.0,c6-
197.3171,-75.000,-74.048,-0.1385,-0.1745,75.0,c6-
197.5996,-75.000,-75.862,0.1496,-0.1769,75.0,c6-
197.8630,-57.418,-67.871,-0.1420,0.6997,75.0,c7+
198.1270,-17.804,-41.280,-0.0680,2.6680,75.0,c7+
198.3902,24.867,-6.064,0.2501,2.2594,75.0,c7+
198.6537,64.278,30.333,-0.1227,2.9166,75.0,c7+
198.9171,75.000,54.908,-0.1241,1.5472,75.0,c7+
199.1810,75.000,66.156,0.1535,0.7425,75.0,c7+
199.4453,75.000,71.050,0.2244,0.2662,75.0,c7+
199.7276,75.000,73.446,0.2060,0.1394,75.0,c7+
199.9907,75.000,74.401,0.0813,0.0164,75.0,c7+
200.2542,54.403,66.241,-0.0259,-0.7252,75.0,c7-
200.5179,14.787,38.115,-0.1258,-1.8899,75.0,c7-
200.7807,-24.818,8.476,-0.0335,-2.1472,75.0,c7-
201.0447,-64.250,-30.955,-0.2441,-2.2893,75.0,c7-
201.3090,-75.000,-53.226,0.2137,-1.7575,75.0,c7-
201.5731,-75.000,-65.960,-0.1954,-0.5062,75.0,c7-
201.8552,-75.000,-71.129,-0.2830,-0.3119,75.0,c7-
202.1184,-75.000,-74.177,-0.0861,-0.2755,75.0,c7-
202.3810,-75.000,-74.475,-0.0622,-0.0173,75.0,c7-
202.6455,-54.390,-67.782,-0.0392,0.4774,75.0,c8+
202.9087,-14.758,-40.582,-0.0932,2.6173,75.0,c8+
203.1720,24.864,-5.398,0.1479,2.5091,75.0,c8+
203.4374,64.276,29.178,-0.0847,2.7446,75.0,c8+
203.7004,75.000,54.978,0.0089,1.0592,75.0,c8+
203.9826,75.000,66.324,0.1655,0.5921,75.0,c8+
204.2455,75.000,71.079,0.2231,0.2539,75.0,c8+
204.5087,75.000,73.564,0.1845,0.1340,75.0,c8+
204.7719,75.000,74.435,0.1244,0.0001,75.0,c8+
205.0362,54.404,66.731,0.0257,-0.8568,75.0,c8-
205.2989,14.787,38.176,-0.1427,-1.8214,75.0,c8-
205.5635,-24.818,8.487,-0.0322,-2.1589,75.0,c8-
205.8467,-64.249,-30.991,0.1153,-3.0161,75.0,c8-
206.1103,-75.000,-53.294,-0.2566,-0.6943,75.0,c8-
206.3729,-75.000,-65.875,-0.2078,-0.5184,75.0,c8-
206.6371,-75.000,-71.801,-0.2688,-0.3356,75.0,c8-
206.8993,-75.000,-73.906,-0.0678,-0.1549,75.0,c8-
207.1631,-75.000,-75.512,0.1390,-0.1341,75.0,c8-
207.4269,-54.387,-67.972,-0.0378,0.4907,75.0,c9+
207.6921,-14.756,-41.227,-0.2007,2.7891,75.0,c9+
207.9747,24.865,-5.690,-0.1014,2.8362,75.0,c9+
208.2375,64.277,28.982,0.0575,2.3541,75.0,c9+
208.5010,75.000,54.961,0.0024,1.0505,75.0,c9+
208.7646,75.000,66.374,0.1800,0.5697,75.0,c9+
209.0275,75.000,71.199,0.2195,0.2662,75.0,c9+
209.2905,75.000,73.546,0.1793,0.1490,75.0,c9+
209.5538,75.000,74.379,0.1523,0.0566,75.0,c9+
209.8182,54.404,66.680,-0.0018,-0.7643,75.0,c9-
210.1019,14.789,38.125,0.2983,-2.7385,75.0,c9-
210.3653,-24.818,8.514,-0.0528,-2.0331,75.0,c9-
210.6282,-66.773,-30.148,0.1159,-3.0052,75.0,c9-
210.8924,-75.000,-56.496,-0.2495,-0.6763,75.0,c9-
211.1547,-75.000,-66.606,-0.2030,-0.5256,75.0,c9-
211.4185,-75.000,-71.485,-0.2791,-0.3088,75.0,c9-
211.6830,-75.000,-73.962,-0.1013,-0.2003,75.0,c9-
211.9462,-75.000,-75.244,0.1565,-0.0572,75.0,c9-
212.2284,-54.390,-67.820,0.0782,0.6162,75.0,ret0
212.4928,-14.758,-41.190,0.0747,1.8116,75.0,ret0
212.7559,0.000,-17.286,0.1715,1.1880,75.0,ret0
213.0194,0.000,-7.262,0.0902,0.3910,75.0,ret0
213.2831,0.000,-3.169,0.0500,0.2139,75.0,ret0
213.5459,0.000,-1.497,0.0652,0.1161,75.0,ret0
213.8099,0.000,-0.649,0.1077,0.0334,75.0,ret0
214.0735,20.597,7.467,0.1059,0.7741,90.0,c0+
214.3560,60.196,29.485,0.4837,0.6411,90.0,c0+
214.6195,89.000,62.375,0.1584,1.5561,90.0,c0+
214.8827,89.000,78.836,0.1276,0.5903,90.0,c0+
215.1456,89.000,84.432,-0.0685,0.2027,90.0,c0+
215.4093,89.000,86.926,0.0162,0.1586,90.0,c0+
215.6722,89.000,88.122,0.0327,0.0514,90.0,c0+
215.9363,89.000,88.552,0.0434,0.0248,90.0,c0+
216.2198,68.403,81.671,-0.2884,-0.9215,90.0,c0-
216.4832,28.790,57.464,-0.3544,-1.5463,90.0,c0-
216.7461,-10.821,22.981,-0.2799,-2.0651,90.0,c0-
217.0103,-53.486,-17.591,-0.1701,-2.3609,90.0,c0-
217.2735,-87.340,-53.148,0.1152,-2.7108,90.0,c0-
217.5369,-89.000,-79.624,-0.0337,-1.7437,90.0,c0-
217.8004,-89.000,-85.832,0.5771,-2.2379,90.0,c0-
218.0642,-89.000,-84.422,-0.2853,0.9556,90.0,c0-
218.3474,-89.000,-87.123,-0.0242,0.2984,90.0,c0-
218.6107,-89.000,-89.124,0.0645,-0.3866,90.0,c0-
218.8730,-89.000,-88.178,-0.0224,0.2081,90.0,c0-
219.1377,-68.383,-82.290,0.1365,0.7443,90.0,c1+
219.4008,-28.754,-55.988,0.1916,1.7468,90.0,c1+
219.6650,10.873,-22.878,0.0351,2.5651,90.0,c1+
219.9284,50.489,13.395,0.4372,1.9381,90.0,c1+
220.1926,86.110,54.601,-0.2279,3.5937,90.0,c1+
220.4749,89.000,73.024,0.2404,1.1522,90.0,c1+
220.7383,89.000,82.711,-0.0222,0.5296,90.0,c1+
221.0014,89.000,86.226,0.0046,0.1850,90.0,c1+
221.2644,89.000,87.718,0.0181,0.1104,90.0,c1+
221.5277,89.000,88.400,0.0370,0.0418,90.0,c1+
221.7917,68.403,81.577,-0.2785,-0.7481,90.0,c1-
222.0561,28.791,57.564,-0.2510,-1.4954,90.0,c1-
222.3197,-10.819,22.977,-0.0546,-2.7239,90.0,c1-
222.6016,-50.436,-14.716,-0.1778,-2.3425,90.0,c1-
222.8653,-86.079,-54.344,0.1171,-2.7123,90.0,c1-
223.1293,-89.000,-79.787,-0.0185,-1.8050,90.0,c1-
223.3923,-89.000,-88.431,0.2584,-1.3154,90.0,c1-
223.6552,-89.000,-81.566,-0.0018,0.2466,90.0,c1-
223.9187,-89.000,-89.535,0.3808,-1.1527,90.0,c1-
224.1834,-89.000,-87.169,-0.2409,0.7427,90.0,c1-
224.4655,-89.000,-88.569,0.0268,0.1228,90.0,c1-
224.7295,-71.414,-82.482,0.1312,0.7723,90.0,c2+
224.9929,-31.803,-58.517,0.2047,1.6965,90.0,c2+
225.2565,10.871,-23.168,0.0476,2.5219,90.0,c2+
225.5198,50.487,13.618,0.4475,1.9124,90.0,c2+
225.7834,86.107,54.021,-0.2518,3.5841,90.0,c2+
226.0463,89.000,72.759,0.2871,0.9762,90.0,c2+
226.3106,89.000,83.896,0.0256,0.4219,90.0,c2+
226.5931,89.000,86.048,-0.0053,0.1973,90.0,c2+
226.8558,89.000,87.623,0.0279,0.0764,90.0,c2+
227.1195,89.000,88.370,0.0414,0.0338,90.0,c2+
227.3830,68.404,81.443,-0.2876,-0.7339,90.0,c2-
227.6461,28.790,57.646,-0.2347,-1.5435,90.0,c2-
227.9094,-10.820,23.004,-0.0460,-2.7326,90.0,c2-
228.1734,-50.438,-14.861,0.0544,-3.0512,90.0,c2-
228.4378,-86.079,-54.974,-0.0396,-2.9600,90.0,c2-
228.7207,-89.000,-74.077,-0.1956,-1.4485,90.0,c2-
228.9840,-89.000,-77.679,-0.4993,0.7008,90.0,c2-
229.2471,-89.000,-80.027,0.5501,-1.2071,90.0,c2-
229.5106,-89.000,-92.688,-0.2465,0.2274,90.0,c2-
229.7741,-89.000,-84.595,0.1620,-0.2270,90.0,c2-
230.0368,-89.000,-89.313,0.1087,-0.1613,90.0,c2-
230.3011,-89.000,-88.917,0.0497,-0.0027,90.0,c2-
230.5650,-89.000,-88.935,0.0343,-0.0017,90.0,c2-
230.8477,-68.384,-82.365,0.2685,0.6191,90.0,c3+
231.1115,-28.754,-55.979,0.1981,1.8447,90.0,c3+
231.3744,13.921,-20.629,0.2197,2.1198,90.0,c3+
231.6387,53.537,21.073,0.4210,2.2132,90.0,c3+
231.9015,87.371,54.436,-0.1956,2.9360,90.0,c3+
232.1645,89.000,75.548,0.2803,1.0090,90.0,c3+
232.4293,89.000,83.919,-0.1251,0.7560,90.0,c3+
232.6928,89.000,86.167,0.0108,0.1732,90.0,c3+
232.9750,89.000,87.759,0.0250,0.0876,90.0,c3+
233.2382,89.000,88.404,0.0404,0.0288,90.0,c3+
233.5017,68.403,81.703,-0.2867,-0.7272,90.0,c3-
233.7649,28.790,57.249,-0.2847,-1.4221,90.0,c3-
234.0288,-10.820,22.957,-0.0432,-2.7533,90.0,c3-
234.2922,-50.437,-14.632,0.0511,-3.0375,90.0,c3-
234.5566,-86.079,-54.419,0.0051,-3.0425,90.0,c3-
234.8396,-89.000,-75.738,-0.0035,-1.8106,90.0,c3-
235.1021,-89.000,-87.314,0.4909,-1.9975,90.0,c3-
235.3658,-89.000,-83.680,-0.1877,0.7117,90.0,c3-
235.6286,-89.000,-88.005,0.5166,-1.4065,90.0,c3-
235.8924,-89.000,-88.360,-0.3281,0.9255,90.0,c3-
236.1552,-89.000,-88.257,0.2143,-0.3673,90.0,c3-
236.4191,-68.383,-82.090,0.1544,0.7176,90.0,c4+
236.6842,-28.753,-56.322,0.1846,1.7298,90.0,c4+
236.9664,10.873,-23.138,0.2717,2.0070,90.0,c4+
237.2298,50.490,13.605,0.3793,2.3217,90.0,c4+
237.4939,86.110,54.732,-0.1407,2.7244,90.0,c4+
237.7569,89.000,75.687,0.2775,1.0333,90.0,c4+
238.0203,89.000,83.876,-0.1235,0.7442,90.0,c4+
238.2834,89.000,86.243,0.0082,0.1738,90.0,c4+
238.5462,89.000,87.798,0.0279,0.1046,90.0,c4+
238.8103,89.000,88.421,0.0435,0.0340,90.0,c4+
239.0939,68.403,81.515,-0.2820,-0.9451,90.0,c4-
239.3565,28.789,57.391,-0.3549,-1.5643,90.0,c4-
239.6200,-13.866,20.363,-0.2788,-2.0710,90.0,c4-
239.8836,-53.486,-17.718,-0.1841,-2.3252,90.0,c4-
240.1478,-87.340,-53.032,0.1426,-2.7897,90.0,c4-
240.4105,-89.000,-80.159,-0.0443,-1.7547,90.0,c4-
240.6757,-89.000,-89.777,-0.0767,-0.3919,90.0,c4-
240.9389,-89.000,-80.206,0.2568,-0.3623,90.0,c4-
241.2211,-89.000,-91.251,0.4191,-0.8749,90.0,c4-
241.4840,-89.000,-85.657,-0.3285,0.5938,90.0,c4-
241.7473,-89.000,-88.190,0.0850,-0.0107,90.0,c4-
242.0108,-89.000,-88.928,0.0457,0.0011,90.0,c4-
242.2742,-89.000,-88.934,0.0412,-0.0080,90.0,c4-
242.5379,-68.383,-82.306,0.1395,0.7337,90.0,c5+
242.8021,-28.753,-56.188,0.1956,1.7227,90.0,c5+
243.0661,10.873,-23.039,0.2679,2.0317,90.0,c5+
243.3479,50.492,13.602,0.3762,2.3221,90.0,c5+
243.6116,86.112,54.542,-0.1201,2.6628,90.0,c5+
243.8749,89.000,76.075,0.2475,1.1309,90.0,c5+
244.1387,89.000,83.624,-0.1703,0.7350,90.0,c5+
244.4009,89.000,86.115,0.0062,0.1691,90.0,c5+
244.6637,89.000,87.775,0.0252,0.0832,90.0,c5+
244.9290,89.000,88.438,0.0402,0.0273,90.0,c5+
245.2110,68.404,81.681,-0.2942,-0.8932,90.0,c5-
245.4748,28.790,57.296,-0.3351,-1.5856,90.0,c5-
245.7377,-10.820,22.876,-0.2680,-2.0900,90.0,c5-
246.0015,-53.485,-17.701,-0.1886,-2.3180,90.0,c5-
246.2656,-87.339,-53.063,0.1286,-2.7458,90.0,c5-
246.5290,-89.000,-79.578,-0.0412,-1.7208,90.0,c5-
246.7914,-89.000,-85.676,0.5873,-2.2594,90.0,c5-
247.0568,-89.000,-84.604,-0.3006,0.9969,90.0,c5-
247.3390,-89.000,-86.940,-0.0461,0.3474,90.0,c5-
247.6022,-89.000,-89.256,0.0790,-0.4224,90.0,c5-
247.8652,-89.000,-88.030,-0.0368,0.2599,90.0,c5-
248.1282,-68.384,-82.212,0.1270,0.7707,90.0,c6+
248.3923,-28.755,-55.907,0.1928,1.7397,90.0,c6+
248.6557,10.872,-22.930,0.0363,2.5481,90.0,c6+
248.9195,50.487,13.445,0.4394,1.9404,90.0,c6+
249.1843,86.109,54.915,-0.2276,3.6002,90.0,c6+
249.4665,89.000,72.640,0.2714,1.0426,90.0,c6+
249.7292,89.000,84.110,-0.1774,0.8653,90.0,c6+
249.9924,89.000,86.065,-0.0031,0.1941,90.0,c6+
250.2555,89.000,87.685,0.0260,0.0876,90.0,c6+
250.5190,89.000,88.411,0.0448,0.0374,90.0,c6+
250.7821,68.402,81.566,-0.2880,-0.7227,90.0,c6-
251.0468,28.789,57.416,-0.2570,-1.4858,90.0,c6-
251.3102,-10.821,23.013,-0.0265,-2.7619,90.0,c6-
251.5930,-50.438,-14.991,-0.1522,-2.4093,90.0,c6-
251.8573,-86.079,-54.878,0.1664,-2.8732,90.0,c6-
252.1200,-89.000,-80.411,-0.1259,-1.5804,90.0,c6-
252.3831,-89.000,-90.242,-0.3349,0.2861,90.0,c6-
252.6461,-89.000,-79.850,0.4622,-0.9221,90.0,c6-
252.9095,-89.000,-92.318,-0.1164,-0.0968,90.0,c6-
253.1744,-89.000,-84.851,0.0785,-0.0051,90.0,c6-
253.4379,-89.000,-89.248,0.1047,-0.0745,90.0,c6-
253.7197,-89.000,-88.913,0.0505,-0.0074,90.0,c6-
253.9832,-89.000,-88.945,0.0383,-0.0037,90.0,c6-
254.2464,-68.384,-82.328,0.1413,0.7425,90.0,c7+
254.5098,-28.755,-56.119,0.2046,1.7032,90.0,c7+
254.7740,10.870,-23.080,0.0285,2.5746,90.0,c7+
255.0380,50.487,13.612,0.4455,1.9112,90.0,c7+
255.3027,86.107,54.060,-0.2575,3.6074,90.0,c7+
255.5847,89.000,73.117,0.2331,1.1770,90.0,c7+
255.8481,89.000,83.170,-0.0663,0.6503,90.0,c7+
256.1113,89.000,86.030,-0.0059,0.1936,90.0,c7+
256.3737,89.000,87.688,0.0274,0.0683,90.0,c7+
256.6374,89.000,88.420,0.0400,0.0375,90.0,c7+
256.9008,68.403,81.603,-0.2704,-0.7625,90.0,c7-
257.1641,28.790,57.644,-0.2340,-1.5369,90.0,c7-
257.4290,-10.819,23.000,-0.0371,-2.7434,90.0,c7-
257.7120,-50.437,-14.910,-0.1601,-2.3873,90.0,c7-
257.9758,-86.079,-54.933,0.1699,-2.8864,90.0,c7-
258.2385,-89.000,-74.042,-0.1990,-1.4349,90.0,c7-
258.5020,-89.000,-90.179,-0.5245,0.7833,90.0,c7-
258.7655,-89.000,-80.113,0.5689,-1.2721,90.0,c7-
259.0286,-89.000,-92.776,-0.2659,0.2898,90.0,c7-
259.2914,-89.000,-84.594,0.1752,-0.2592,90.0,c7-
259.5563,-89.000,-89.345,0.1070,-0.1527,90.0,c7-
259.8391,-89.000,-88.903,0.0485,-0.0061,90.0,c7-
260.1023,-89.000,-88.908,0.0310,0.0037,90.0,c7-
260.3658,-68.383,-82.345,0.1327,0.7762,90.0,c8+
260.6296,-28.754,-55.980,0.2100,1.6948,90.0,c8+
260.8928,10.873,-23.185,0.0295,2.5390,90.0,c8+
261.1566,50.491,13.678,0.4505,1.9113,90.0,c8+
261.4213,86.111,54.435,-0.2598,3.6432,90.0,c8+
261.6845,89.000,72.635,0.2820,0.9879,90.0,c8+
261.9668,89.000,83.270,-0.0898,0.6578,90.0,c8+
262.2297,89.000,85.990,-0.0015,0.1781,90.0,c8+
262.4928,89.000,87.757,0.0327,0.0755,90.0,c8+
262.7559,89.000,88.391,0.0354,0.0416,90.0,c8+
263.0188,89.000,88.715,0.0591,0.0174,90.0,c8+
263.2823,68.401,81.994,-0.2843,-0.7155,90.0,c8-
263.5473,28.788,57.309,-0.2758,-1.4649,90.0,c8-
263.8108,-10.822,22.868,-0.2674,-2.0997,90.0,c8-
264.0935,-50.439,-14.806,-0.1712,-2.3701,90.0,c8-
264.3571,-86.081,-54.791,0.1569,-2.8453,90.0,c8-
264.6201,-89.000,-80.507,-0.1426,-1.5646,90.0,c8-
264.8834,-89.000,-90.237,-0.3878,0.4079,90.0,c8-
265.1470,-89.000,-79.858,0.4937,-1.0161,90.0,c8-
265.4095,-89.000,-92.513,-0.1537,-0.0118,90.0,c8-
265.6748,-89.000,-84.747,0.0869,-0.0201,90.0,c8-
265.9564,-89.000,-89.484,0.1303,-0.1306,90.0,c8-
266.2204,-89.000,-88.918,0.0493,-0.0072,90.0,c8-
266.4834,-89.000,-88.942,0.0408,-0.0022,90.0,c8-
266.7468,-68.383,-82.285,0.1277,0.7854,90.0,c9+
267.0106,-28.754,-55.901,0.2230,1.6618,90.0,c9+
267.2739,10.872,-23.481,0.0424,2.5041,90.0,c9+
267.5380,50.487,13.834,0.4527,1.8957,90.0,c9+
267.8028,86.109,54.179,-0.2696,3.6639,90.0,c9+
268.0847,89.000,73.199,0.2231,1.1986,90.0,c9+
268.3481,89.000,83.264,-0.0861,0.6855,90.0,c9+
268.6112,89.000,86.025,-0.0085,0.1945,90.0,c9+
268.8737,89.000,87.665,0.0264,0.0831,90.0,c9+
269.1375,89.000,87.913,0.1241,-0.0013,90.0,c9+
269.4010,68.402,82.741,-0.3285,-0.5175,90.0,c9-
269.6642,28.792,56.854,-0.3033,-1.4090,90.0,c9-
269.9291,-10.817,21.625,0.0867,-3.2489,90.0,c9-
270.2116,-50.436,-14.434,-0.2009,-2.3081,90.0,c9-
270.4748,-86.077,-53.873,0.0738,-2.5940,90.0,c9-
270.7379,-89.000,-79.918,-0.0849,-1.6355,90.0,c9-
271.0021,-89.000,-82.269,0.2683,-0.9984,90.0,c9-
271.2642,-89.000,-86.440,-0.0270,-0.2951,90.0,c9-
271.5278,-89.000,-87.446,-0.1751,-0.0910,90.0,c9-
271.7929,-89.000,-88.524,-0.0972,-0.0255,90.0,c9-
272.0564,-68.384,-82.129,0.1568,0.7776,90.0,ret0
272.3384,-28.753,-56.725,0.2789,1.6937,90.0,ret0
272.6024,0.000,-26.984,0.2771,1.4732,90.0,ret0
272.8651,0.000,-8.439,-0.0254,1.2676,90.0,ret0
273.1287,0.000,-4.253,0.0584,0.2543,90.0,ret0
273.3911,0.000,-1.950,0.0625,0.1233,90.0,ret0
273.6551,0.000,-0.894,0.0906,0.0498,90.0,ret0
273.9191,0.000,-0.403,0.1114,0.0225,90.0,ret0
